cpu,memory,restart,anomaly
77,431,4,0
81,426,4,0
37,820,3,0
18,684,0,0
58,224,5,1
68,758,4,0
77,553,5,1
24,106,1,0
81,788,3,0
75,730,3,0
9,470,0,0
9,723,5,1
59,814,5,1
14,942,3,0
97,635,1,0
97,829,2,1
69,567,1,0
92,292,0,0
49,969,1,0
43,139,5,1
81,309,5,1
99,661,5,1
41,211,5,1
58,749,3,0
77,223,5,1
72,684,4,0
96,697,3,0
74,515,3,0
32,187,4,0
58,362,1,0
48,516,2,0
83,480,3,0
96,655,1,0
93,893,2,1
86,263,4,0
23,809,1,0
92,716,2,0
24,152,5,1
6,237,0,0
87,866,1,0
67,831,0,0
98,691,5,1
90,925,4,0
12,507,4,0
10,399,4,0
100,378,2,0
83,816,5,1
5,427,5,1
73,323,0,0
35,237,4,0
17,642,2,0
32,684,5,1
74,278,4,0
7,350,4,0
83,103,5,1
54,449,1,0
50,917,3,0
62,467,1,0
95,259,5,1
84,186,1,0
76,924,4,0
15,404,0,0
80,717,4,0
70,693,0,0
96,112,2,0
24,969,1,0
51,437,0,0
11,668,0,0
100,239,3,0
44,485,2,0
77,899,0,0
75,783,2,0
48,768,5,1
51,660,0,0
71,433,5,1
54,104,5,1
10,166,4,0
63,452,2,0
26,258,1,0
28,703,4,0
57,374,5,1
95,198,1,0
61,507,5,1
50,400,3,0
50,789,3,0
26,284,1,0
66,709,5,1
56,866,5,1
79,736,0,0
35,896,3,0
49,907,5,1
60,683,5,1
50,995,4,0
86,672,4,0
40,522,3,0
77,300,5,1
50,183,3,0
95,769,4,0
23,539,1,0
57,545,1,0
67,471,3,0
31,639,0,0
47,647,4,0
54,344,2,0
39,980,4,0
6,225,0,0
37,526,5,1
57,770,2,0
41,541,4,0
29,156,4,0
17,682,5,1
92,767,0,0
92,877,2,1
100,293,0,0
97,644,4,0
13,149,0,0
99,298,0,0
100,458,1,0
82,817,5,1
54,370,2,0
56,458,0,0
24,366,4,0
77,816,4,0
34,841,3,0
84,213,4,0
70,676,5,1
30,813,0,0
7,229,1,0
43,883,2,0
63,620,4,0
87,575,4,0
31,472,3,0
63,424,1,0
97,449,0,0
34,836,2,0
87,439,3,0
44,945,0,0
48,197,5,1
73,320,1,0
85,357,5,1
59,705,1,0
37,879,2,0
53,967,1,0
25,336,0,0
100,367,2,0
61,155,0,0
28,411,3,0
100,453,3,0
8,248,5,1
90,570,1,0
65,563,5,1
100,574,4,0
82,269,4,0
6,280,5,1
66,798,3,0
8,526,0,0
14,356,5,1
83,114,4,0
25,505,2,0
58,509,0,0
11,378,5,1
92,380,5,1
51,948,1,0
32,751,3,0
27,406,4,0
89,409,4,0
83,349,0,0
25,994,2,0
51,487,2,0
72,448,1,0
86,884,2,0
55,428,4,0
99,585,0,0
75,126,0,0
97,722,4,0
64,923,1,0
15,295,5,1
72,533,0,0
43,907,0,0
73,722,3,0
23,384,0,0
54,146,5,1
22,256,2,0
61,827,1,0
37,558,3,0
65,905,2,0
31,780,1,0
10,768,1,0
97,967,5,1
9,281,0,0
12,461,3,0
37,468,2,0
22,193,4,0
66,711,4,0
7,471,2,0
42,723,0,0
54,950,1,0
88,127,3,0
23,285,4,0
18,477,3,0
39,182,5,1
100,962,1,1
46,484,5,1
47,564,4,0
30,486,1,0
28,576,0,0
72,471,5,1
79,735,1,0
54,807,2,0
58,720,4,0
93,678,1,0
24,488,1,0
36,549,4,0
94,693,3,0
53,994,2,0
83,929,5,1
90,978,2,0
52,761,0,0
27,829,2,0
21,723,1,0
87,135,2,0
17,465,4,0
17,102,1,0
49,263,0,0
61,186,5,1
26,833,4,0
44,557,3,0
78,601,2,0
79,109,3,0
6,577,5,1
53,558,5,1
54,698,4,0
69,909,4,0
9,703,2,0
76,480,5,1
84,379,5,1
72,466,3,0
95,896,4,1
100,422,1,0
55,953,2,0
16,224,1,0
48,966,3,0
19,442,5,1
37,907,5,1
50,476,1,0
60,478,5,1
39,824,2,0
9,860,0,0
11,607,1,0
44,918,5,1
56,832,5,1
16,952,1,0
19,983,1,0
9,775,5,1
29,235,5,1
93,360,3,0
41,288,3,0
6,255,4,0
12,250,3,0
76,726,2,0
54,195,5,1
15,697,5,1
36,587,4,0
83,321,4,0
37,379,2,0
35,840,3,0
21,643,5,1
95,440,4,0
87,355,1,0
77,187,0,0
24,931,3,0
46,786,1,0
70,800,2,0
71,610,1,0
7,783,5,1
35,954,1,0
99,147,5,1
12,695,1,0
25,866,0,0
9,518,4,0
51,918,2,0
45,790,2,0
18,462,3,0
83,239,5,1
77,745,5,1
50,714,2,0
8,899,5,1
96,382,1,0
56,415,0,0
71,299,4,0
56,286,3,0
82,878,1,0
48,679,0,0
37,181,2,0
70,898,4,0
52,994,5,1
48,510,4,0
37,399,0,0
14,871,4,0
81,362,2,0
25,373,1,0
84,681,3,0
41,455,5,1
88,734,3,0
67,736,3,0
57,841,4,0
80,713,1,0
9,940,3,0
50,833,3,0
31,330,0,0
50,703,2,0
38,812,2,0
54,879,5,1
48,396,5,1
31,500,3,0
55,106,3,0
30,978,2,0
14,620,3,0
48,549,4,0
75,990,5,1
30,198,1,0
41,556,2,0
44,587,3,0
63,230,1,0
86,594,1,0
63,874,4,0
32,649,4,0
93,285,0,0
43,346,2,0
21,463,5,1
22,549,0,0
18,985,2,0
41,547,1,0
9,221,5,1
32,697,2,0
50,190,4,0
8,839,4,0
46,601,4,0
70,659,2,0
62,558,2,0
72,828,3,0
61,129,2,0
80,278,3,0
58,162,5,1
43,153,2,0
72,697,4,0
59,878,1,0
97,426,2,0
15,723,1,0
14,890,3,0
57,950,2,0
64,206,2,0
63,754,4,0
15,528,0,0
94,303,3,0
68,648,2,0
31,786,2,0
69,867,3,0
22,819,0,0
38,843,3,0
11,689,4,0
95,441,1,0
71,160,0,0
18,981,3,0
60,851,5,1
66,947,0,0
63,311,1,0
23,444,0,0
75,344,3,0
67,249,2,0
19,539,3,0
88,902,4,0
7,630,1,0
56,236,2,0
9,315,0,0
94,906,2,1
71,942,2,0
41,394,3,0
51,321,4,0
66,928,3,0
19,152,1,0
83,283,5,1
59,799,2,0
95,529,5,1
44,291,1,0
87,848,4,0
83,885,0,0
27,799,4,0
83,333,5,1
57,677,4,0
64,547,0,0
48,553,1,0
66,648,5,1
92,678,5,1
73,183,5,1
96,108,5,1
41,247,5,1
73,823,4,0
61,111,1,0
24,493,5,1
32,811,2,0
70,309,5,1
55,551,2,0
53,823,5,1
85,329,0,0
12,304,0,0
6,528,3,0
16,146,4,0
39,831,4,0
22,769,1,0
54,441,4,0
82,978,0,0
12,227,5,1
8,150,3,0
18,468,5,1
7,450,4,0
93,518,5,1
30,101,4,0
51,957,2,0
20,544,1,0
54,336,3,0
82,555,2,0
44,740,3,0
37,448,5,1
46,459,4,0
68,787,5,1
95,942,0,1
86,758,3,0
96,854,0,1
56,386,3,0
31,748,5,1
48,942,4,0
77,598,0,0
27,211,0,0
32,669,3,0
28,851,5,1
53,361,5,1
38,333,4,0
66,319,2,0
74,519,0,0
87,923,4,0
71,348,1,0
25,142,1,0
81,627,2,0
50,153,2,0
18,192,4,0
72,371,3,0
91,994,5,1
45,504,0,0
55,1000,1,0
24,520,4,0
15,576,5,1
53,293,4,0
60,934,1,0
63,530,2,0
31,635,1,0
42,205,1,0
27,632,4,0
27,253,0,0
66,174,2,0
60,550,0,0
87,852,3,0
71,630,2,0
62,672,5,1
67,239,5,1
96,240,3,0
99,234,0,0
75,298,1,0
90,193,3,0
75,283,4,0
16,489,2,0
85,819,0,0
80,909,3,0
81,123,3,0
80,443,4,0
96,887,2,1
31,219,4,0
94,383,4,0
91,214,2,0
57,395,2,0
59,871,2,0
70,702,3,0
46,246,3,0
94,860,3,1
45,961,3,0
58,279,4,0
33,193,0,0
55,259,4,0
73,868,3,0
86,929,4,0
84,467,5,1
41,673,0,0
94,795,5,1
92,461,3,0
82,968,3,0
92,147,2,0
20,266,3,0
51,875,5,1
16,350,4,0
8,383,1,0
92,378,5,1
51,808,5,1
96,555,1,0
15,131,3,0
29,915,1,0
11,944,3,0
56,307,0,0
70,630,4,0
5,829,0,0
91,460,4,0
75,729,0,0
95,688,5,1
17,876,4,0
34,551,4,0
89,874,3,0
16,837,5,1
42,126,1,0
20,242,1,0
7,552,0,0
89,276,5,1
39,608,1,0
57,334,4,0
9,895,0,0
28,334,0,0
38,909,1,0
18,854,5,1
59,473,1,0
58,242,1,0
54,222,2,0
44,478,1,0
16,113,1,0
20,531,0,0
44,363,5,1
71,798,0,0
75,502,5,1
42,259,4,0
57,882,2,0
80,611,4,0
18,791,3,0
36,719,3,0
94,298,5,1
100,905,1,1
60,948,5,1
80,628,3,0
29,796,5,1
84,585,3,0
48,762,5,1
58,284,0,0
94,892,5,1
29,937,3,0
79,930,4,0
23,749,5,1
88,167,1,0
17,264,0,0
22,399,3,0
65,388,5,1
87,993,1,0
94,553,1,0
76,467,3,0
52,873,2,0
25,392,4,0
45,781,3,0
69,451,3,0
55,227,4,0
16,141,4,0
22,365,1,0
90,819,2,0
28,170,4,0
91,712,4,0
75,278,1,0
40,103,4,0
13,133,0,0
41,791,4,0
21,895,4,0
65,848,4,0
42,271,2,0
18,901,5,1
94,606,0,0
41,768,1,0
91,489,4,0
19,928,0,0
66,799,4,0
80,784,2,0
21,586,0,0
13,252,2,0
42,463,1,0
5,804,2,0
79,594,2,0
39,722,4,0
20,361,1,0
93,457,5,1
91,356,1,0
83,853,3,0
85,210,0,0
31,124,4,0
47,336,5,1
54,790,5,1
11,138,5,1
56,573,3,0
96,750,1,0
57,620,3,0
93,944,2,1
37,252,3,0
58,592,5,1
13,489,5,1
79,248,1,0
39,407,2,0
96,291,5,1
33,633,4,0
79,188,3,0
17,295,2,0
30,236,2,0
76,618,1,0
53,915,0,0
22,761,5,1
85,646,3,0
57,409,5,1
59,913,5,1
26,259,1,0
21,641,1,0
38,498,4,0
43,449,3,0
86,498,2,0
27,461,0,0
81,178,0,0
57,791,2,0
53,196,4,0
75,885,4,0
69,893,1,0
55,291,1,0
20,540,3,0
51,705,2,0
33,531,3,0
57,145,0,0
55,775,2,0
49,538,4,0
53,619,1,0
87,851,0,0
7,265,5,1
16,204,5,1
6,278,5,1
22,261,1,0
91,149,4,0
82,277,0,0
37,448,4,0
30,780,4,0
78,851,3,0
6,334,4,0
5,555,5,1
90,767,0,0
32,337,0,0
34,487,5,1
47,816,2,0
70,873,0,0
63,997,2,0
35,481,2,0
84,742,2,0
42,847,5,1
43,196,3,0
95,507,3,0
33,260,3,0
69,597,5,1
94,282,3,0
45,728,2,0
70,837,1,0
15,873,1,0
58,665,0,0
38,742,1,0
27,238,4,0
72,259,1,0
72,676,0,0
68,567,3,0
71,367,1,0
69,760,2,0
26,530,2,0
75,765,5,1
20,193,4,0
9,742,3,0
83,512,0,0
61,490,4,0
52,181,4,0
36,537,3,0
29,783,0,0
28,118,0,0
25,541,3,0
38,971,4,0
7,229,2,0
97,744,5,1
44,982,1,0
52,933,5,1
32,257,3,0
44,721,2,0
73,616,2,0
78,227,0,0
27,350,0,0
71,719,3,0
67,916,3,0
67,785,5,1
22,698,4,0
100,239,3,0
48,227,5,1
46,451,3,0
62,982,5,1
84,987,4,0
56,370,4,0
74,728,1,0
48,250,4,0
16,988,1,0
39,691,5,1
61,363,5,1
6,865,0,0
28,524,2,0
29,835,1,0
69,769,2,0
82,848,3,0
84,855,4,0
30,513,4,0
72,631,4,0
16,475,2,0
17,888,4,0
89,419,3,0
49,925,4,0
54,170,1,0
49,553,0,0
47,324,2,0
43,535,4,0
51,708,5,1
67,961,4,0
43,554,3,0
55,245,5,1
52,498,3,0
86,343,2,0
38,731,0,0
78,607,3,0
55,351,1,0
78,150,1,0
26,732,4,0
10,700,1,0
36,421,3,0
90,405,1,0
58,938,3,0
34,911,1,0
87,741,4,0
32,455,4,0
30,804,5,1
10,746,5,1
87,507,1,0
24,692,2,0
73,356,2,0
16,580,3,0
33,673,3,0
75,644,0,0
49,202,5,1
93,707,0,0
90,558,2,0
9,208,5,1
19,901,0,0
16,913,0,0
64,441,1,0
76,622,2,0
82,540,3,0
93,761,5,1
44,321,2,0
32,121,0,0
5,829,1,0
73,710,3,0
73,339,0,0
37,802,1,0
46,931,2,0
9,603,3,0
100,470,0,0
59,333,2,0
75,525,5,1
18,466,3,0
91,234,0,0
42,130,1,0
62,203,0,0
16,810,3,0
81,694,4,0
90,859,5,1
61,422,5,1
59,417,1,0
60,490,1,0
13,854,3,0
64,909,2,0
93,655,1,0
7,134,4,0
100,622,5,1
92,807,4,1
77,294,1,0
83,346,2,0
49,523,4,0
46,694,4,0
13,477,1,0
5,873,4,0
51,269,1,0
53,328,4,0
77,888,3,0
86,755,2,0
14,192,5,1
88,143,4,0
68,937,0,0
8,975,4,0
36,816,0,0
20,461,3,0
44,657,2,0
73,590,5,1
60,795,4,0
63,100,1,0
39,490,4,0
40,864,0,0
96,705,1,0
89,962,5,1
56,150,2,0
90,407,0,0
98,400,1,0
19,664,4,0
95,750,1,0
12,634,1,0
32,814,5,1
35,294,0,0
21,586,0,0
30,602,4,0
93,294,0,0
29,634,5,1
98,636,3,0
15,189,4,0
96,165,0,0
27,553,5,1
47,423,2,0
75,934,1,0
7,849,1,0
67,963,4,0
73,968,1,0
97,715,1,0
44,712,4,0
8,669,3,0
41,956,2,0
13,246,1,0
7,171,0,0
63,625,0,0
51,252,3,0
76,894,0,0
95,731,4,0
5,699,1,0
62,514,1,0
92,165,1,0
26,571,4,0
26,597,4,0
69,836,5,1
95,960,4,1
80,273,4,0
39,234,4,0
91,603,4,0
78,231,3,0
17,788,2,0
34,926,4,0
94,444,1,0
33,188,0,0
74,465,1,0
100,946,1,1
6,249,3,0
30,826,3,0
50,705,2,0
69,277,5,1
43,888,0,0
37,821,1,0
8,838,4,0
7,418,2,0
17,373,4,0
50,629,4,0
63,291,0,0
69,184,0,0
8,736,0,0
57,245,3,0
6,493,1,0
51,702,1,0
38,514,1,0
60,989,4,0
38,395,5,1
67,392,3,0
53,329,1,0
97,294,5,1
21,752,5,1
96,459,1,0
58,556,3,0
60,391,2,0
14,771,0,0
28,126,4,0
93,117,3,0
70,841,2,0
56,820,0,0
95,929,1,1
24,874,3,0
71,133,2,0
21,781,4,0
45,473,2,0
79,955,2,0
30,527,1,0
64,408,2,0
25,663,5,1
35,930,4,0
28,858,4,0
73,758,0,0
67,544,0,0
51,510,3,0
40,617,4,0
85,189,2,0
27,730,2,0
46,539,2,0
62,222,4,0
14,519,3,0
88,229,3,0
52,975,0,0
72,995,4,0
94,828,4,1
7,367,3,0
75,912,5,1
100,979,2,1
84,182,1,0
81,802,4,0
72,939,3,0
27,103,0,0
18,186,5,1
60,507,3,0
41,575,3,0
65,438,4,0
20,377,0,0
40,574,4,0
100,438,4,0
12,606,2,0
42,236,1,0
27,300,5,1
76,835,4,0
21,317,2,0
33,964,4,0
48,253,3,0
34,168,3,0
46,391,1,0
41,717,5,1
72,133,5,1
99,944,4,1
91,716,4,0
6,646,3,0
100,785,5,1
65,594,1,0
28,138,0,0
83,558,4,0
38,746,2,0
35,491,2,0
77,605,2,0
84,524,3,0
11,191,5,1
39,522,3,0
66,582,0,0
100,637,1,0
45,807,3,0
86,973,3,0
85,419,5,1
91,323,2,0
9,300,4,0
60,762,4,0
32,770,0,0
15,554,1,0
79,741,4,0
26,405,1,0
7,185,5,1
19,786,1,0
71,120,5,1
84,281,0,0
98,974,1,1
37,182,0,0
20,547,2,0
25,494,3,0
41,308,5,1
87,338,5,1
10,107,0,0
27,832,2,0
90,817,0,0
53,160,4,0
56,353,2,0
6,512,1,0
83,460,2,0
57,117,1,0
20,168,4,0
8,896,0,0
79,998,3,0
9,965,0,0
20,665,1,0
72,257,3,0
5,522,3,0
14,118,5,1
98,500,5,1
22,306,4,0
40,696,0,0
27,515,5,1
41,438,5,1
28,897,3,0
64,470,3,0
98,723,2,0
27,110,2,0
40,582,0,0
5,500,1,0
25,976,1,0
59,364,5,1
65,942,0,0
76,433,5,1
86,647,2,0
21,370,3,0
27,270,0,0
11,396,1,0
45,138,3,0
74,531,4,0
66,757,3,0
9,438,3,0
33,757,3,0
18,270,4,0
65,600,4,0
23,685,4,0
85,151,4,0
8,895,4,0
42,293,4,0
75,686,1,0
78,599,1,0
20,146,5,1
82,651,3,0
92,954,3,1
55,169,4,0
26,366,3,0
9,486,4,0
18,704,2,0
23,236,4,0
51,911,0,0
17,607,5,1
13,524,4,0
10,126,5,1
62,194,0,0
10,110,1,0
23,126,3,0
37,159,1,0
37,886,1,0
100,853,2,1
54,326,0,0
79,391,5,1
73,745,2,0
15,627,3,0
82,125,1,0
98,281,4,0
39,264,0,0
20,561,2,0
37,940,4,0
48,375,4,0
62,987,4,0
9,923,3,0
19,911,1,0
27,777,3,0
69,952,4,0
38,637,0,0
11,875,4,0
29,336,2,0
82,253,0,0
74,230,4,0
86,164,0,0
6,927,3,0
59,285,2,0
47,541,4,0
25,539,2,0
80,787,1,0
86,615,5,1
33,260,4,0
37,137,2,0
15,629,1,0
76,759,2,0
48,491,4,0
95,210,3,0
49,315,1,0
86,659,2,0
83,303,4,0
32,488,2,0
99,859,1,1
67,492,5,1
56,134,2,0
21,479,5,1
11,759,4,0
75,381,1,0
58,981,5,1
29,932,3,0
49,609,4,0
96,959,3,1
77,757,1,0
62,436,2,0
74,835,2,0
53,152,5,1
60,495,1,0
99,486,3,0
23,507,1,0
17,280,4,0
13,926,5,1
21,381,3,0
9,582,1,0
36,827,0,0
22,743,5,1
33,599,0,0
27,266,5,1
100,813,5,1
13,588,1,0
12,376,4,0
69,495,3,0
62,409,0,0
18,766,4,0
87,328,2,0
5,553,0,0
11,774,2,0
43,381,1,0
82,928,3,0
57,752,0,0
98,384,1,0
65,217,5,1
83,353,3,0
16,972,1,0
31,373,3,0
70,408,4,0
83,773,0,0
66,858,1,0
33,713,3,0
27,967,3,0
21,174,5,1
94,183,1,0
27,174,0,0
93,461,4,0
17,964,3,0
64,825,5,1
97,489,2,0
44,662,3,0
48,812,4,0
44,434,5,1
99,138,4,0
51,520,5,1
30,412,2,0
90,638,0,0
52,723,1,0
36,361,5,1
10,319,2,0
82,912,0,0
55,268,2,0
99,155,3,0
20,660,1,0
58,442,2,0
53,338,4,0
70,948,5,1
64,870,5,1
56,688,3,0
93,470,2,0
77,415,4,0
87,794,2,0
70,225,3,0
8,374,1,0
16,619,3,0
50,832,4,0
89,265,1,0
76,327,0,0
65,665,1,0
100,524,5,1
71,460,0,0
8,197,2,0
77,566,4,0
37,321,2,0
24,262,4,0
77,850,5,1
94,263,0,0
91,404,2,0
56,517,4,0
7,260,2,0
98,425,0,0
62,667,5,1
21,562,4,0
63,898,5,1
33,484,0,0
61,283,5,1
26,571,0,0
20,542,5,1
53,745,1,0
21,478,5,1
20,528,3,0
21,730,1,0
75,965,1,0
79,191,2,0
92,424,1,0
82,265,1,0
8,454,0,0
12,305,2,0
53,280,2,0
18,420,5,1
92,489,3,0
69,646,0,0
20,962,4,0
95,528,1,0
19,974,4,0
26,154,4,0
31,623,5,1
79,656,0,0
49,793,4,0
19,795,3,0
57,627,3,0
34,222,2,0
80,297,5,1
46,662,1,0
49,596,0,0
21,558,0,0
48,977,3,0
57,114,2,0
74,393,2,0
98,964,0,1
13,334,4,0
36,215,0,0
15,784,3,0
16,851,1,0
19,912,2,0
58,777,3,0
14,462,4,0
99,636,5,1
54,718,2,0
16,377,2,0
53,347,4,0
37,261,1,0
29,543,5,1
11,463,3,0
86,465,0,0
91,968,2,1
16,979,0,0
6,265,3,0
10,869,2,0
100,249,0,0
19,550,5,1
11,637,0,0
52,965,3,0
36,587,5,1
38,731,3,0
6,455,4,0
96,260,5,1
28,341,2,0
49,748,0,0
87,635,1,0
47,710,2,0
85,312,4,0
69,893,0,0
45,472,1,0
82,200,5,1
75,395,0,0
70,297,3,0
42,100,2,0
50,603,2,0
56,944,0,0
98,280,5,1
54,524,4,0
94,822,0,1
43,489,2,0
84,962,0,0
62,382,4,0
97,978,3,1
75,127,1,0
68,677,1,0
81,420,3,0
10,202,2,0
41,492,1,0
11,457,1,0
76,654,5,1
68,980,2,0
43,757,5,1
85,860,4,0
65,587,5,1
15,117,2,0
97,737,1,0
54,453,1,0
6,173,1,0
74,574,0,0
19,863,0,0
56,776,5,1
83,282,1,0
14,112,3,0
41,480,0,0
42,353,1,0
32,228,1,0
10,198,1,0
40,695,1,0
99,716,4,0
21,548,3,0
63,105,4,0
19,120,5,1
14,191,2,0
18,608,2,0
80,730,1,0
19,564,0,0
15,220,1,0
24,966,4,0
9,884,0,0
67,533,2,0
40,562,1,0
29,788,1,0
89,363,3,0
86,627,1,0
46,498,0,0
79,178,3,0
20,463,4,0
11,302,3,0
57,184,4,0
58,455,5,1
41,907,1,0
86,612,5,1
37,879,5,1
17,656,5,1
17,395,5,1
47,894,4,0
34,287,3,0
92,874,5,1
91,688,5,1
20,804,2,0
85,170,3,0
35,695,0,0
41,996,1,0
53,788,0,0
80,944,0,0
81,378,2,0
92,199,0,0
59,159,1,0
79,614,5,1
27,582,2,0
81,844,5,1
24,120,4,0
40,975,5,1
97,334,1,0
31,707,3,0
48,941,2,0
95,978,1,1
37,520,0,0
20,886,0,0
17,760,0,0
82,802,2,0
79,182,3,0
74,266,2,0
10,947,0,0
39,454,2,0
21,684,0,0
88,343,5,1
11,196,2,0
15,331,1,0
55,674,2,0
61,976,0,0
11,308,0,0
67,180,0,0
82,902,1,0
35,335,4,0
99,299,1,0
42,547,1,0
57,519,1,0
30,116,4,0
76,650,4,0
33,705,5,1
37,604,3,0
9,484,3,0
45,682,0,0
44,918,3,0
70,238,5,1
94,798,4,0
47,109,3,0
41,587,2,0
85,232,5,1
92,764,2,0
79,128,0,0
93,643,5,1
15,857,1,0
78,689,4,0
59,332,2,0
79,669,2,0
5,298,5,1
48,122,3,0
19,885,1,0
28,525,0,0
83,955,4,0
17,543,1,0
77,753,2,0
52,804,3,0
69,884,3,0
5,599,1,0
63,849,4,0
71,966,4,0
51,192,3,0
51,103,5,1
37,339,5,1
56,946,4,0
37,719,1,0
100,966,5,1
91,456,1,0
90,733,4,0
34,880,4,0
67,830,3,0
52,539,4,0
38,772,2,0
96,275,3,0
61,428,2,0
47,503,2,0
43,875,0,0
23,343,0,0
42,886,3,0
5,955,2,0
29,105,3,0
47,578,2,0
22,978,4,0
35,286,0,0
76,613,4,0
57,361,1,0
15,712,0,0
76,830,1,0
71,877,1,0
42,384,0,0
46,268,3,0
74,623,1,0
34,362,4,0
69,872,5,1
60,260,4,0
37,959,3,0
5,955,5,1
61,691,5,1
100,842,5,1
56,218,4,0
63,901,5,1
16,575,3,0
84,228,5,1
16,548,1,0
79,667,5,1
21,746,2,0
27,489,2,0
46,972,0,0
60,750,0,0
51,975,2,0
62,342,3,0
71,247,5,1
72,931,1,0
58,462,3,0
42,276,1,0
57,290,2,0
93,539,1,0
78,421,4,0
15,681,3,0
79,224,1,0
19,877,2,0
68,623,2,0
7,398,1,0
33,334,4,0
8,810,0,0
54,437,0,0
6,748,4,0
74,964,1,0
51,568,0,0
23,709,4,0
94,876,0,1
8,812,5,1
60,107,2,0
29,950,1,0
17,965,4,0
90,390,1,0
24,322,1,0
71,845,2,0
12,690,4,0
49,146,1,0
51,660,4,0
80,943,3,0
91,443,1,0
77,107,0,0
30,509,4,0
35,815,1,0
85,179,2,0
51,717,4,0
7,608,4,0
90,988,5,1
43,605,4,0
49,990,1,0
77,949,3,0
16,796,4,0
74,438,4,0
7,280,0,0
20,815,2,0
10,186,4,0
87,591,0,0
69,481,5,1
77,398,3,0
91,298,4,0
86,993,2,0
66,878,3,0
30,590,5,1
78,383,5,1
72,312,1,0
90,655,0,0
54,900,4,0
79,673,4,0
37,138,0,0
73,602,3,0
48,459,5,1
54,169,0,0
17,322,4,0
90,690,3,0
31,750,2,0
13,100,5,1
81,265,0,0
18,350,5,1
77,589,1,0
15,746,2,0
16,524,1,0
85,991,0,0
100,920,0,1
13,310,1,0
56,953,0,0
38,101,1,0
86,493,3,0
41,240,0,0
28,152,5,1
83,800,3,0
57,133,0,0
45,582,1,0
66,833,3,0
71,686,0,0
93,229,2,0
41,165,3,0
35,933,5,1
98,252,1,0
75,584,4,0
21,370,0,0
14,192,1,0
53,220,1,0
7,340,2,0
67,353,5,1
70,516,0,0
79,843,5,1
78,722,5,1
68,268,0,0
11,981,0,0
36,500,4,0
61,811,2,0
82,283,4,0
87,844,1,0
70,985,0,0
58,682,4,0
81,929,5,1
5,919,0,0
66,472,1,0
68,138,0,0
72,159,4,0
99,877,2,1
86,493,4,0
75,482,1,0
10,342,4,0
45,555,0,0
12,368,4,0
57,632,4,0
44,891,3,0
37,921,5,1
53,835,3,0
12,144,2,0
74,599,4,0
76,849,3,0
49,890,2,0
17,383,5,1
66,368,0,0
16,562,2,0
39,997,5,1
5,308,5,1
48,409,4,0
12,690,2,0
30,569,4,0
10,539,2,0
35,790,2,0
90,244,3,0
74,629,1,0
98,536,1,0
76,237,4,0
31,717,3,0
23,462,4,0
6,662,0,0
18,303,5,1
5,345,1,0
38,370,5,1
88,988,1,0
49,979,4,0
98,426,1,0
55,159,1,0
5,521,5,1
22,965,1,0
22,151,3,0
32,887,5,1
68,533,0,0
59,338,4,0
90,794,1,0
39,856,4,0
41,913,2,0
9,673,2,0
24,536,5,1
14,298,3,0
51,428,2,0
60,462,2,0
23,978,2,0
49,582,0,0
39,473,3,0
71,403,4,0
53,622,3,0
74,971,0,0
54,970,1,0
56,432,2,0
22,497,4,0
14,303,4,0
39,637,5,1
9,109,1,0
62,856,4,0
50,111,3,0
19,941,3,0
98,813,1,1
60,127,2,0
55,533,1,0
90,765,0,0
75,534,2,0
42,758,1,0
6,648,5,1
21,137,3,0
48,811,1,0
94,792,5,1
63,912,4,0
77,955,1,0
43,155,5,1
47,751,5,1
29,693,3,0
11,319,3,0
7,852,3,0
97,381,5,1
10,106,3,0
8,848,4,0
24,568,1,0
28,828,3,0
83,164,4,0
63,843,5,1
88,489,5,1
85,420,1,0
49,658,1,0
69,553,0,0
39,359,0,0
21,756,0,0
29,892,4,0
88,285,4,0
51,391,0,0
50,961,1,0
67,505,4,0
53,219,1,0
13,449,2,0
10,754,1,0
13,873,5,1
58,796,5,1
36,131,1,0
11,387,0,0
85,395,1,0
57,802,2,0
90,340,4,0
17,418,3,0
56,767,1,0
99,692,2,0
54,481,5,1
18,372,2,0
42,161,0,0
94,982,3,1
54,922,4,0
24,457,5,1
46,484,5,1
11,277,4,0
19,594,3,0
18,721,3,0
74,854,5,1
39,614,5,1
14,546,0,0
9,747,0,0
90,674,2,0
10,570,1,0
12,996,3,0
16,910,4,0
30,404,4,0
42,249,3,0
16,550,5,1
12,780,4,0
30,505,5,1
43,276,3,0
59,809,0,0
92,837,4,1
69,217,5,1
97,444,3,0
20,953,1,0
88,207,0,0
25,625,0,0
64,735,5,1
24,141,4,0
16,650,0,0
64,194,5,1
34,430,5,1
15,264,0,0
42,452,2,0
87,714,3,0
74,444,1,0
47,772,4,0
87,213,3,0
53,550,1,0
8,590,1,0
14,194,5,1
28,815,1,0
24,286,1,0
77,688,2,0
91,774,1,0
9,763,4,0
56,141,4,0
100,612,3,0
33,525,2,0
16,348,3,0
27,676,3,0
31,549,4,0
16,119,5,1
22,451,3,0
59,843,2,0
32,671,3,0
77,359,1,0
36,734,5,1
76,851,4,0
49,630,3,0
91,687,2,0
37,898,0,0
58,320,0,0
72,225,1,0
17,243,2,0
100,826,0,1
66,710,0,0
26,960,3,0
80,490,5,1
23,688,5,1
65,539,4,0
45,323,0,0
65,898,3,0
6,580,4,0
39,295,3,0
100,889,2,1
18,256,3,0
8,674,5,1
25,336,3,0
28,967,1,0
30,263,3,0
89,588,1,0
51,681,3,0
100,342,3,0
15,930,3,0
99,779,0,0
11,127,0,0
96,868,3,1
82,964,2,0
67,640,4,0
6,835,3,0
73,156,0,0
57,281,4,0
19,721,5,1
44,204,0,0
50,896,2,0
21,253,3,0
48,992,5,1
100,103,3,0
44,782,2,0
16,152,0,0
89,182,1,0
86,417,2,0
71,406,3,0
84,479,3,0
69,254,5,1
25,972,2,0
93,173,4,0
89,825,0,0
50,848,5,1
60,465,1,0
86,842,3,0
43,168,0,0
32,597,5,1
8,858,4,0
7,908,1,0
93,983,1,1
31,213,3,0
46,478,1,0
65,606,3,0
68,304,5,1
53,570,4,0
25,391,2,0
75,582,5,1
52,202,5,1
57,340,4,0
54,291,2,0
74,972,1,0
87,242,0,0
56,873,5,1
19,740,4,0
9,638,5,1
85,973,0,0
89,823,5,1
21,517,2,0
78,385,2,0
97,679,4,0
45,988,0,0
32,188,5,1
24,173,4,0
76,634,2,0
30,654,2,0
14,500,0,0
85,718,2,0
7,360,1,0
32,972,1,0
30,307,2,0
57,290,2,0
62,600,1,0
67,886,2,0
92,140,0,0
64,723,0,0
97,609,1,0
85,590,2,0
73,189,4,0
6,101,4,0
15,504,5,1
17,145,4,0
39,911,2,0
79,742,1,0
60,525,4,0
26,219,2,0
95,931,4,1
77,125,1,0
60,758,4,0
82,282,5,1
64,266,5,1
70,952,0,0
46,921,4,0
16,778,4,0
64,663,0,0
69,899,4,0
53,526,2,0
41,143,4,0
94,967,2,1
6,667,1,0
20,830,0,0
60,674,1,0
99,152,0,0
77,571,3,0
95,798,2,0
31,389,4,0
59,879,2,0
5,877,2,0
23,965,5,1
59,442,0,0
37,305,2,0
11,776,5,1
76,355,3,0
94,860,2,1
6,986,4,0
72,459,3,0
17,933,3,0
32,729,2,0
32,271,0,0
11,389,4,0
78,202,4,0
83,533,1,0
9,652,5,1
39,967,0,0
58,763,3,0
74,759,4,0
59,273,3,0
39,174,5,1
44,800,1,0
37,354,3,0
96,156,0,0
57,655,2,0
69,150,4,0
44,607,4,0
18,536,4,0
69,955,1,0
18,976,1,0
92,767,0,0
46,875,5,1
61,635,1,0
79,415,4,0
96,276,0,0
94,200,1,0
93,661,0,0
54,222,5,1
65,169,1,0
86,677,2,0
79,433,0,0
86,289,1,0
13,204,0,0
79,209,4,0
47,229,3,0
81,413,4,0
50,565,2,0
100,341,4,0
81,106,0,0
100,800,4,0
23,272,3,0
5,400,5,1
14,307,2,0
47,893,5,1
57,983,1,0
19,719,4,0
91,393,4,0
49,385,2,0
37,426,0,0
53,645,0,0
7,546,4,0
35,354,1,0
33,690,1,0
82,364,3,0
62,963,1,0
83,828,3,0
76,587,1,0
19,654,0,0
8,911,5,1
95,882,5,1
45,865,2,0
7,453,1,0
70,637,4,0
72,280,3,0
24,686,3,0
98,221,3,0
15,849,4,0
30,611,3,0
47,141,0,0
32,663,3,0
25,893,4,0
11,905,1,0
37,992,4,0
7,681,1,0
13,474,2,0
73,908,0,0
30,522,5,1
25,166,4,0
7,658,1,0
69,374,3,0
89,232,2,0
72,153,1,0
63,466,2,0
97,192,3,0
90,418,3,0
52,447,0,0
66,870,1,0
43,516,2,0
54,313,0,0
13,580,1,0
24,589,4,0
48,653,2,0
27,477,5,1
20,304,0,0
5,185,4,0
29,916,5,1
85,609,1,0
5,545,2,0
17,936,5,1
94,434,2,0
82,914,0,0
45,717,3,0
57,184,1,0
86,143,1,0
12,222,0,0
80,315,3,0
96,962,3,1
12,342,4,0
45,374,5,1
71,364,0,0
31,461,0,0
26,571,2,0
57,291,0,0
95,914,4,1
13,872,0,0
89,639,0,0
23,851,0,0
50,513,1,0
6,419,5,1
89,763,2,0
57,205,4,0
100,586,0,0
59,562,0,0
24,601,4,0
22,722,2,0
47,892,2,0
27,740,5,1
77,133,2,0
42,358,0,0
50,272,2,0
83,238,3,0
68,232,5,1
60,464,2,0
83,890,5,1
30,717,0,0
51,145,4,0
44,593,3,0
23,624,1,0
89,410,3,0
20,259,2,0
53,816,0,0
65,937,5,1
72,287,4,0
14,456,0,0
13,387,5,1
36,790,2,0
78,809,1,0
39,830,3,0
79,106,2,0
39,160,2,0
34,416,2,0
41,962,0,0
29,736,0,0
45,762,3,0
6,115,5,1
38,210,3,0
83,498,1,0
34,667,0,0
25,681,1,0
77,592,5,1
79,585,2,0
43,991,5,1
86,561,0,0
35,500,4,0
17,243,1,0
60,334,0,0
67,174,0,0
38,512,1,0
12,480,1,0
40,970,1,0
72,902,0,0
60,632,4,0
72,586,5,1
59,337,0,0
70,901,4,0
23,621,1,0
38,414,2,0
40,223,0,0
40,458,5,1
73,753,3,0
85,550,2,0
10,634,5,1
16,293,2,0
54,732,2,0
12,751,4,0
52,424,2,0
98,242,0,0
18,491,3,0
91,770,0,0
75,848,5,1
86,532,3,0
88,233,5,1
15,150,4,0
6,521,0,0
16,636,5,1
54,258,2,0
51,630,0,0
17,328,4,0
49,771,0,0
43,519,3,0
15,530,1,0
26,118,1,0
40,863,3,0
6,977,0,0
55,659,4,0
53,858,1,0
37,809,0,0
48,440,1,0
86,728,4,0
87,282,2,0
53,901,0,0
72,618,5,1
95,876,2,1
39,937,1,0
98,985,3,1
69,468,3,0
54,842,4,0
55,156,4,0
28,917,2,0
12,126,1,0
81,585,2,0
15,490,0,0
7,168,3,0
82,298,0,0
35,436,2,0
94,968,5,1
6,353,3,0
62,703,3,0
78,550,2,0
47,976,4,0
67,428,2,0
63,886,0,0
50,788,3,0
65,382,3,0
34,493,1,0
63,503,3,0
50,807,0,0
71,202,2,0
79,980,4,0
38,986,0,0
5,187,2,0
32,919,0,0
25,928,2,0
11,539,4,0
55,633,5,1
27,214,1,0
66,888,3,0
80,309,4,0
44,863,3,0
64,580,4,0
70,260,4,0
100,334,0,0
38,664,0,0
34,642,2,0
22,928,0,0
70,757,0,0
87,474,5,1
76,865,1,0
17,268,4,0
88,288,3,0
27,332,2,0
47,565,2,0
93,686,5,1
71,415,2,0
72,748,4,0
24,393,0,0
56,357,5,1
38,718,4,0
61,984,1,0
41,157,2,0
65,753,2,0
95,738,5,1
66,164,4,0
50,836,1,0
52,846,4,0
26,714,0,0
84,983,4,0
37,218,1,0
40,478,5,1
15,355,2,0
11,287,0,0
29,518,2,0
34,703,5,1
97,403,2,0
39,528,0,0
28,327,2,0
22,584,0,0
80,719,0,0
20,263,5,1
53,221,2,0
44,967,1,0
83,899,3,0
95,373,1,0
20,779,4,0
60,636,0,0
9,446,1,0
42,150,5,1
75,624,1,0
17,882,2,0
41,108,3,0
92,591,2,0
20,953,3,0
53,357,1,0
11,716,5,1
34,513,3,0
30,981,2,0
94,842,2,1
91,702,2,0
51,462,2,0
40,938,4,0
83,725,0,0
46,224,1,0
24,362,0,0
27,940,1,0
92,650,4,0
73,823,1,0
80,915,5,1
63,109,1,0
67,160,4,0
89,863,5,1
26,143,4,0
99,572,0,0
72,892,0,0
82,424,5,1
52,832,4,0
30,368,2,0
86,910,0,0
8,411,5,1
23,518,2,0
42,300,5,1
51,294,3,0
91,988,3,1
98,928,1,1
67,931,2,0
69,833,5,1
93,723,4,0
10,633,4,0
54,455,5,1
74,463,2,0
64,720,4,0
86,650,1,0
30,353,3,0
50,356,0,0
29,657,3,0
55,893,4,0
15,613,4,0
78,290,4,0
6,846,3,0
98,965,5,1
8,947,1,0
69,872,0,0
75,298,4,0
99,739,5,1
89,993,0,0
27,156,4,0
31,648,0,0
55,319,3,0
91,507,1,0
83,310,1,0
10,676,5,1
47,482,2,0
46,414,2,0
9,230,5,1
55,619,0,0
86,800,4,0
52,234,3,0
71,979,1,0
28,862,5,1
89,665,3,0
43,582,3,0
39,873,4,0
35,750,1,0
35,379,0,0
90,977,0,0
52,563,5,1
62,406,0,0
80,763,4,0
60,607,4,0
30,810,1,0
18,691,1,0
73,333,1,0
21,512,1,0
74,333,3,0
56,515,5,1
34,505,1,0
47,315,0,0
69,199,5,1
82,591,3,0
23,289,0,0
71,466,1,0
52,521,4,0
73,158,4,0
12,803,5,1
63,416,2,0
69,324,1,0
18,967,4,0
15,801,0,0
25,507,4,0
73,174,3,0
82,154,4,0
95,709,2,0
60,995,2,0
63,661,4,0
76,725,4,0
24,869,2,0
37,358,5,1
60,986,5,1
33,904,1,0
43,493,5,1
74,123,0,0
55,457,3,0
46,498,4,0
38,942,3,0
80,433,3,0
51,361,3,0
14,649,4,0
46,850,0,0
61,408,1,0
84,210,4,0
100,754,5,1
10,231,2,0
16,698,3,0
50,292,0,0
58,417,1,0
30,951,3,0
40,296,1,0
34,318,4,0
43,648,0,0
50,153,3,0
77,452,3,0
99,789,0,0
51,906,1,0
73,222,3,0
25,446,5,1
43,106,5,1
90,512,2,0
82,779,5,1
87,839,2,0
39,951,2,0
53,256,0,0
19,714,0,0
98,389,2,0
96,271,2,0
65,889,4,0
74,970,4,0
51,262,0,0
24,274,0,0
59,215,2,0
93,352,1,0
69,781,3,0
71,312,3,0
64,426,3,0
16,996,0,0
90,131,2,0
19,848,2,0
59,495,5,1
28,655,4,0
70,836,5,1
19,912,2,0
27,597,5,1
20,293,1,0
62,897,2,0
5,713,3,0
93,505,3,0
24,616,0,0
22,267,2,0
96,412,5,1
51,413,0,0
15,759,3,0
48,870,1,0
27,859,5,1
99,678,1,0
100,714,5,1
83,540,5,1
33,630,1,0
25,471,4,0
32,331,0,0
64,387,1,0
45,453,5,1
78,721,0,0
29,658,2,0
89,193,2,0
65,323,4,0
44,902,4,0
42,377,1,0
16,689,0,0
72,905,3,0
95,326,2,0
47,914,4,0
83,249,2,0
45,711,1,0
98,102,0,0
98,639,2,0
32,358,5,1
93,824,2,1
66,795,5,1
90,446,4,0
43,148,4,0
10,122,2,0
68,470,2,0
42,144,3,0
16,450,1,0
38,402,5,1
52,306,3,0
13,457,2,0
70,465,3,0
82,149,3,0
31,190,4,0
89,743,0,0
54,637,2,0
91,245,5,1
8,819,3,0
48,449,0,0
36,858,4,0
49,989,4,0
82,826,2,0
96,100,1,0
70,356,2,0
61,774,2,0
72,472,2,0
87,995,4,0
53,675,5,1
78,767,3,0
63,288,2,0
64,541,0,0
22,586,2,0
95,515,1,0
24,294,3,0
77,356,1,0
80,418,3,0
14,687,1,0
25,854,4,0
78,639,3,0
76,977,0,0
18,967,5,1
41,853,4,0
8,185,4,0
30,646,4,0
37,512,2,0
57,501,1,0
98,492,0,0
95,258,3,0
73,935,0,0
58,706,1,0
79,542,5,1
83,636,0,0
29,975,0,0
64,526,0,0
54,513,2,0
71,386,0,0
16,530,1,0
86,980,1,0
46,201,1,0
50,775,0,0
16,958,4,0
39,116,2,0
61,219,5,1
22,691,1,0
47,387,2,0
98,847,1,1
87,484,2,0
75,763,4,0
55,252,0,0
32,645,0,0
64,734,1,0
57,857,4,0
22,534,3,0
64,781,2,0
20,365,3,0
27,918,5,1
11,181,3,0
79,409,0,0
32,207,3,0
49,802,2,0
79,933,2,0
47,579,5,1
49,727,3,0
45,339,1,0
67,722,1,0
60,214,4,0
75,599,0,0
5,907,2,0
30,563,2,0
26,414,3,0
21,979,0,0
45,219,4,0
82,165,3,0
83,373,5,1
99,160,1,0
35,278,2,0
21,645,1,0
22,471,2,0
34,586,3,0
87,856,2,0
59,873,5,1
95,384,0,0
87,997,2,0
41,859,1,0
44,663,0,0
66,353,1,0
81,892,4,0
52,844,2,0
73,517,4,0
60,715,4,0
23,792,3,0
55,407,4,0
86,644,3,0
53,994,5,1
78,396,5,1
15,322,3,0
68,320,1,0
40,129,3,0
75,786,3,0
66,994,4,0
22,717,2,0
100,977,4,1
42,849,5,1
61,507,1,0
29,398,5,1
100,558,5,1
17,209,2,0
39,748,1,0
51,301,2,0
49,835,4,0
90,598,1,0
98,249,5,1
36,705,4,0
16,703,5,1
25,277,1,0
92,543,3,0
32,141,0,0
13,271,5,1
97,109,3,0
94,160,5,1
60,179,3,0
69,818,1,0
8,293,5,1
61,442,5,1
44,166,3,0
90,934,5,1
6,581,4,0
35,133,3,0
86,802,0,0
10,479,3,0
21,755,0,0
63,938,2,0
94,521,5,1
18,520,5,1
7,212,1,0
16,451,2,0
96,253,0,0
16,814,4,0
37,955,2,0
83,285,4,0
87,271,0,0
50,986,5,1
79,968,5,1
24,539,5,1
93,152,2,0
26,724,2,0
79,546,4,0
94,883,1,1
65,658,3,0
83,706,1,0
23,619,1,0
62,291,3,0
65,533,1,0
46,231,1,0
32,537,5,1
8,899,1,0
89,836,4,0
52,683,3,0
46,573,0,0
76,992,5,1
21,638,1,0
90,559,4,0
13,387,5,1
80,305,5,1
51,730,1,0
55,160,5,1
52,258,5,1
13,140,0,0
37,432,0,0
21,661,1,0
71,701,1,0
23,198,1,0
96,796,2,0
6,756,2,0
56,738,0,0
27,846,4,0
97,337,5,1
78,714,5,1
22,791,5,1
76,854,4,0
75,951,5,1
45,876,2,0
6,448,4,0
71,599,0,0
6,103,3,0
18,114,3,0
36,254,3,0
88,251,4,0
23,162,1,0
40,895,3,0
70,253,1,0
65,455,4,0
19,799,5,1
92,283,3,0
24,143,2,0
73,183,1,0
67,158,4,0
45,717,5,1
71,287,4,0
31,700,5,1
57,441,5,1
47,333,4,0
58,802,0,0
57,177,1,0
13,478,0,0
91,369,3,0
97,925,3,1
6,411,4,0
96,915,2,1
81,548,5,1
59,340,4,0
18,698,2,0
5,359,3,0
35,720,2,0
66,353,4,0
65,739,2,0
78,671,5,1
59,438,2,0
53,285,2,0
44,257,5,1
47,288,1,0
86,563,2,0
22,304,1,0
91,927,3,1
55,918,0,0
24,352,3,0
83,228,4,0
24,707,2,0
43,939,0,0
31,319,2,0
64,544,1,0
74,503,5,1
60,934,2,0
85,848,3,0
16,811,2,0
62,120,3,0
89,141,1,0
63,846,4,0
85,370,5,1
23,310,1,0
67,672,2,0
84,192,5,1
17,754,0,0
86,480,1,0
10,520,4,0
33,410,4,0
54,985,2,0
15,638,1,0
12,267,3,0
20,682,1,0
64,292,5,1
31,225,2,0
27,342,3,0
57,654,3,0
45,903,0,0
61,842,3,0
12,273,2,0
45,189,2,0
43,240,3,0
44,130,2,0
75,922,0,0
63,171,4,0
59,780,3,0
13,158,4,0
27,228,1,0
12,595,5,1
37,650,2,0
76,282,3,0
28,967,4,0
77,865,1,0
42,972,5,1
64,485,4,0
12,438,3,0
36,930,4,0
85,527,3,0
34,916,0,0
80,131,3,0
6,119,1,0
87,615,2,0
31,766,0,0
24,539,5,1
78,895,4,0
14,201,1,0
43,688,5,1
29,357,1,0
54,827,2,0
48,950,5,1
47,308,3,0
9,582,5,1
46,108,0,0
89,197,1,0
23,568,5,1
88,925,2,0
49,129,0,0
51,278,0,0
57,278,2,0
7,501,0,0
49,518,0,0
9,133,2,0
8,178,2,0
32,907,3,0
92,425,5,1
64,390,3,0
52,442,2,0
35,185,3,0
40,237,3,0
82,226,4,0
61,593,0,0
35,415,3,0
57,274,1,0
43,588,0,0
88,187,1,0
77,361,0,0
46,629,0,0
37,635,2,0
32,604,4,0
97,201,5,1
58,789,5,1
24,109,1,0
24,632,2,0
9,874,4,0
30,704,4,0
53,161,0,0
48,949,5,1
53,302,1,0
58,745,4,0
87,952,2,0
28,346,5,1
46,766,5,1
8,632,0,0
14,902,1,0
58,513,4,0
63,217,5,1
34,286,3,0
11,271,0,0
49,880,2,0
25,524,2,0
46,803,1,0
22,109,3,0
66,202,1,0
18,274,4,0
27,877,0,0
32,281,0,0
16,550,0,0
38,255,2,0
71,480,4,0
90,950,5,1
58,725,1,0
54,633,2,0
79,737,4,0
71,324,0,0
18,609,2,0
94,248,3,0
8,450,4,0
49,476,0,0
91,712,1,0
43,717,2,0
13,906,0,0
57,858,0,0
93,568,0,0
50,435,2,0
32,920,3,0
34,606,2,0
31,709,0,0
47,656,2,0
82,264,1,0
89,591,3,0
51,745,2,0
53,526,5,1
73,228,5,1
74,935,3,0
57,241,3,0
88,213,2,0
84,618,2,0
25,106,0,0
38,491,3,0
22,976,3,0
11,712,3,0
95,792,3,0
73,556,2,0
51,331,2,0
78,436,0,0
88,566,4,0
48,703,5,1
23,135,2,0
18,365,5,1
59,398,3,0
42,821,3,0
88,412,2,0
19,775,2,0
37,837,5,1
65,791,4,0
65,260,4,0
46,371,5,1
12,961,0,0
22,452,3,0
92,435,2,0
33,871,0,0
39,258,2,0
85,873,5,1
100,469,0,0
33,134,5,1
45,891,5,1
66,155,2,0
100,503,4,0
56,642,3,0
62,638,5,1
12,961,0,0
53,113,1,0
96,876,0,1
35,982,2,0
44,206,5,1
24,221,2,0
24,482,4,0
77,498,4,0
33,713,5,1
63,773,4,0
96,753,4,0
52,527,0,0
70,167,5,1
95,776,0,0
48,762,1,0
50,868,4,0
65,615,2,0
59,240,3,0
87,664,4,0
50,863,0,0
33,584,5,1
76,265,1,0
96,644,4,0
55,412,3,0
79,124,0,0
8,121,2,0
14,155,1,0
70,835,2,0
71,302,4,0
11,342,0,0
98,813,4,1
96,734,3,0
69,766,4,0
71,739,2,0
33,733,0,0
36,523,3,0
76,703,4,0
94,855,0,1
35,525,3,0
83,768,2,0
33,845,4,0
36,129,3,0
15,434,2,0
55,668,0,0
74,813,1,0
42,808,1,0
12,667,5,1
19,665,5,1
60,593,4,0
28,132,3,0
83,653,0,0
35,718,4,0
11,732,1,0
6,256,1,0
24,887,4,0
78,937,3,0
55,496,0,0
59,431,3,0
72,102,2,0
48,605,5,1
54,668,0,0
81,880,5,1
45,910,5,1
9,906,1,0
73,616,1,0
58,466,5,1
70,670,0,0
62,731,3,0
17,856,1,0
60,985,4,0
62,705,1,0
36,278,4,0
24,277,3,0
80,789,3,0
52,936,0,0
66,742,2,0
75,867,5,1
43,599,3,0
40,240,3,0
30,193,5,1
61,944,2,0
44,795,1,0
24,283,1,0
48,233,0,0
18,672,3,0
39,602,3,0
16,135,5,1
71,538,2,0
28,620,5,1
91,581,5,1
56,392,5,1
15,522,2,0
93,317,2,0
11,573,5,1
87,107,0,0
90,674,5,1
46,176,5,1
38,619,4,0
82,658,5,1
45,730,1,0
5,669,2,0
67,877,3,0
14,908,0,0
46,722,2,0
49,711,1,0
44,832,4,0
39,579,1,0
63,627,1,0
75,680,1,0
34,545,2,0
12,581,4,0
14,530,0,0
51,997,4,0
58,779,2,0
61,553,2,0
11,372,1,0
60,366,3,0
90,638,5,1
14,317,1,0
29,289,1,0
83,531,4,0
94,945,2,1
53,596,4,0
71,788,0,0
24,960,4,0
16,101,2,0
87,682,4,0
61,101,4,0
59,917,1,0
99,514,0,0
43,718,4,0
80,144,3,0
67,919,4,0
51,228,3,0
62,130,1,0
14,342,4,0
14,930,4,0
6,406,3,0
64,253,1,0
42,111,3,0
15,617,0,0
94,274,2,0
17,910,4,0
68,643,5,1
17,307,0,0
71,792,0,0
37,126,0,0
67,805,1,0
53,447,4,0
70,518,3,0
17,729,3,0
17,229,5,1
99,927,4,1
53,643,3,0
45,364,3,0
51,490,5,1
73,628,3,0
65,396,1,0
17,655,2,0
15,598,1,0
34,311,2,0
93,855,1,1
80,669,2,0
22,342,2,0
41,190,3,0
39,599,2,0
46,992,2,0
12,110,3,0
100,989,0,1
65,500,1,0
85,286,1,0
16,190,1,0
15,880,3,0
62,662,0,0
49,566,2,0
78,732,4,0
90,987,2,0
77,435,1,0
59,534,4,0
54,389,3,0
7,743,3,0
78,200,4,0
77,263,5,1
100,668,1,0
16,784,2,0
82,762,3,0
37,749,2,0
82,247,5,1
29,690,0,0
38,996,3,0
39,322,3,0
23,693,2,0
19,721,2,0
23,226,2,0
52,390,2,0
73,856,4,0
66,308,5,1
11,850,0,0
93,921,0,1
31,547,0,0
69,684,1,0
44,427,5,1
47,568,4,0
41,896,0,0
91,231,3,0
67,771,0,0
85,650,0,0
16,921,1,0
7,894,4,0
100,675,0,0
37,455,4,0
88,923,4,0
71,389,4,0
23,562,2,0
52,514,5,1
7,180,5,1
48,969,1,0
8,390,0,0
12,795,5,1
30,885,3,0
32,205,1,0
17,282,0,0
14,368,1,0
13,402,1,0
58,560,0,0
52,748,4,0
94,674,1,0
100,958,2,1
50,951,2,0
95,482,0,0
19,184,3,0
84,611,2,0
49,747,5,1
84,172,3,0
100,124,2,0
74,723,1,0
41,757,2,0
62,344,4,0
16,586,5,1
13,689,0,0
95,357,1,0
7,412,5,1
8,927,3,0
50,123,4,0
96,574,0,0
37,690,2,0
80,768,4,0
95,645,4,0
81,675,2,0
31,457,1,0
56,877,3,0
86,677,0,0
54,491,4,0
65,531,2,0
20,961,0,0
97,638,2,0
89,336,0,0
31,511,1,0
67,801,0,0
14,458,4,0
15,284,2,0
74,235,4,0
53,524,3,0
64,497,4,0
8,549,4,0
74,262,3,0
29,972,0,0
49,546,4,0
8,121,4,0
88,661,4,0
93,398,1,0
14,157,5,1
67,735,0,0
81,271,4,0
24,581,3,0
28,265,1,0
67,910,4,0
92,962,5,1
50,757,0,0
34,138,2,0
98,155,2,0
61,249,3,0
56,118,2,0
6,746,2,0
84,657,3,0
16,541,3,0
30,471,5,1
32,191,4,0
34,116,2,0
34,775,4,0
31,290,2,0
92,235,3,0
96,929,2,1
80,991,3,0
39,207,0,0
34,176,5,1
94,572,3,0
92,153,4,0
78,529,3,0
46,260,4,0
5,744,0,0
36,466,2,0
77,516,2,0
54,555,3,0
53,277,2,0
75,540,5,1
39,535,0,0
67,494,0,0
14,984,0,0
24,663,1,0
16,704,4,0
59,882,2,0
69,568,5,1
94,229,0,0
15,318,4,0
54,453,2,0
7,504,5,1
49,609,4,0
9,946,2,0
30,636,3,0
72,542,4,0
38,942,4,0
99,778,2,0
65,821,2,0
69,890,2,0
62,928,1,0
18,695,3,0
22,459,5,1
83,213,3,0
28,901,0,0
30,940,1,0
33,415,5,1
5,286,0,0
76,360,5,1
52,160,1,0
59,915,3,0
13,738,4,0
14,319,4,0
75,675,2,0
58,723,2,0
81,944,5,1
65,659,5,1
46,120,4,0
21,521,1,0
35,803,1,0
29,396,0,0
63,422,2,0
71,436,4,0
35,660,5,1
96,256,3,0
9,491,2,0
18,330,1,0
94,112,1,0
61,281,1,0
30,862,2,0
80,423,5,1
81,517,1,0
49,868,2,0
94,839,5,1
71,894,4,0
83,365,4,0
58,277,3,0
16,864,3,0
62,281,2,0
43,799,1,0
20,288,1,0
28,143,0,0
27,317,0,0
41,322,0,0
26,354,3,0
7,101,3,0
83,933,0,0
25,960,0,0
39,268,5,1
32,825,4,0
14,751,4,0
6,215,0,0
19,817,4,0
89,436,5,1
20,325,0,0
36,668,3,0
53,966,0,0
17,144,1,0
73,697,3,0
71,935,4,0
44,503,5,1
26,577,5,1
31,339,2,0
41,965,5,1
92,125,1,0
54,629,5,1
11,607,1,0
26,444,2,0
52,653,3,0
21,765,0,0
89,878,2,0
16,667,2,0
42,623,3,0
17,414,0,0
41,737,0,0
73,719,0,0
37,551,3,0
31,169,0,0
12,658,3,0
59,893,0,0
62,290,1,0
40,903,0,0
24,919,1,0
86,432,0,0
15,229,1,0
98,635,4,0
80,721,3,0
42,910,5,1
9,946,3,0
72,176,1,0
44,998,2,0
57,766,1,0
97,543,2,0
66,196,2,0
38,433,1,0
85,465,2,0
33,977,5,1
91,682,2,0
14,971,3,0
92,790,3,0
96,178,0,0
82,914,2,0
39,576,0,0
59,318,5,1
46,486,2,0
42,159,1,0
68,715,0,0
18,572,4,0
45,347,3,0
68,336,3,0
69,996,3,0
58,283,4,0
53,373,0,0
89,867,0,0
11,702,1,0
64,393,1,0
49,243,1,0
22,160,4,0
22,856,3,0
16,978,1,0
18,730,3,0
47,376,4,0
49,978,3,0
56,726,5,1
93,931,3,1
79,587,2,0
37,646,2,0
33,132,2,0
83,801,4,0
48,421,0,0
14,656,5,1
36,354,3,0
20,869,0,0
6,529,1,0
89,505,5,1
78,190,1,0
33,529,5,1
92,565,1,0
29,196,5,1
40,701,5,1
54,521,3,0
54,967,0,0
79,476,1,0
99,855,4,1
57,604,0,0
42,728,5,1
7,874,3,0
92,944,5,1
26,133,2,0
85,330,2,0
29,208,4,0
44,310,1,0
85,348,5,1
97,173,4,0
7,645,2,0
64,887,3,0
97,719,5,1
59,825,1,0
8,814,5,1
76,264,4,0
51,186,3,0
10,787,4,0
75,543,1,0
94,219,4,0
84,931,3,0
41,700,4,0
34,301,2,0
88,261,4,0
100,827,2,1
28,578,3,0
67,608,1,0
49,706,2,0
34,828,4,0
95,643,5,1
41,875,4,0
15,807,4,0
39,794,3,0
19,443,4,0
20,661,2,0
95,974,1,1
97,833,3,1
42,991,4,0
86,853,0,0
87,941,0,0
37,196,0,0
8,808,5,1
58,444,3,0
56,543,4,0
41,848,1,0
90,521,2,0
9,609,0,0
12,732,1,0
81,209,2,0
13,907,0,0
67,190,1,0
40,908,0,0
93,103,0,0
50,323,2,0
35,740,4,0
7,311,5,1
66,970,1,0
95,885,5,1
29,247,2,0
50,612,4,0
91,367,5,1
60,816,4,0
42,697,1,0
99,628,5,1
27,758,2,0
19,301,1,0
75,302,5,1
5,292,4,0
73,784,4,0
60,941,3,0
82,818,2,0
77,652,1,0
34,446,5,1
88,149,5,1
59,756,1,0
79,341,4,0
93,491,1,0
100,721,4,0
46,680,1,0
80,895,3,0
65,431,0,0
95,331,5,1
14,127,3,0
33,394,5,1
39,201,3,0
33,982,1,0
28,413,3,0
73,119,2,0
40,275,2,0
37,205,5,1
89,993,1,0
34,429,0,0
82,220,0,0
40,461,4,0
78,517,3,0
49,302,3,0
74,387,3,0
100,117,2,0
33,235,4,0
6,444,0,0
59,907,4,0
67,987,1,0
23,137,4,0
72,702,3,0
26,785,4,0
5,321,2,0
49,997,4,0
28,219,3,0
79,569,5,1
93,604,3,0
50,417,3,0
68,930,2,0
67,938,2,0
8,707,4,0
94,531,2,0
78,815,0,0
38,260,1,0
91,910,0,1
57,590,1,0
36,236,5,1
45,977,3,0
46,662,3,0
54,995,5,1
100,736,4,0
58,754,4,0
60,973,2,0
39,352,4,0
83,710,5,1
55,646,1,0
70,109,1,0
60,976,5,1
8,989,4,0
24,555,1,0
8,987,4,0
77,615,1,0
25,956,3,0
27,845,3,0
89,736,5,1
41,396,0,0
85,628,4,0
39,212,0,0
79,970,1,0
68,943,0,0
62,864,5,1
96,925,0,1
66,901,2,0
81,149,3,0
59,755,2,0
49,392,5,1
31,611,4,0
32,192,0,0
46,272,0,0
98,361,1,0
62,885,3,0
47,196,5,1
65,530,0,0
79,924,5,1
19,493,1,0
47,948,3,0
42,555,1,0
75,213,5,1
95,542,0,0
62,730,3,0
100,612,4,0
78,844,0,0
88,490,2,0
77,347,4,0
66,247,0,0
32,114,1,0
69,454,3,0
6,317,0,0
16,348,0,0
40,523,4,0
48,654,1,0
35,296,5,1
86,637,0,0
47,876,1,0
38,752,2,0
74,180,1,0
68,657,5,1
67,449,5,1
68,582,5,1
47,304,2,0
24,137,0,0
77,204,0,0
50,834,5,1
53,353,2,0
23,663,0,0
84,882,4,0
52,504,3,0
73,535,5,1
77,483,3,0
49,920,5,1
69,304,1,0
6,701,1,0
55,771,0,0
23,992,0,0
27,627,4,0
79,503,2,0
63,952,4,0
25,583,3,0
50,159,2,0
91,152,5,1
15,214,2,0
54,556,2,0
49,340,4,0
44,105,0,0
65,940,5,1
95,377,1,0
54,615,0,0
82,747,1,0
33,547,0,0
71,727,2,0
87,535,3,0
71,460,0,0
32,953,5,1
86,923,0,0
88,760,0,0
8,880,4,0
73,663,2,0
57,451,1,0
58,678,2,0
58,918,5,1
24,942,5,1
35,590,1,0
94,299,3,0
100,939,3,1
82,307,4,0
88,871,3,0
49,238,5,1
36,212,4,0
72,565,2,0
77,470,3,0
23,298,4,0
32,191,2,0
94,388,2,0
66,708,3,0
11,119,4,0
12,176,0,0
27,399,1,0
80,621,1,0
88,766,5,1
71,652,1,0
31,887,1,0
11,997,5,1
25,956,1,0
79,215,4,0
23,174,0,0
80,145,4,0
39,362,1,0
80,911,0,0
52,254,1,0
75,554,2,0
69,665,2,0
44,976,1,0
46,385,4,0
85,964,4,0
85,581,1,0
84,419,5,1
44,376,2,0
12,541,0,0
62,526,3,0
31,104,5,1
61,512,3,0
97,119,0,0
60,875,5,1
89,918,1,0
21,116,5,1
27,325,3,0
72,499,0,0
53,978,3,0
37,147,4,0
37,779,1,0
22,787,4,0
85,985,1,0
74,361,4,0
75,218,4,0
95,584,2,0
28,499,5,1
36,551,3,0
77,723,5,1
35,825,5,1
53,181,2,0
90,602,3,0
87,875,0,0
69,791,2,0
43,381,4,0
45,459,5,1
32,364,0,0
50,342,4,0
87,934,4,0
54,928,3,0
16,754,4,0
70,290,2,0
9,278,0,0
64,805,0,0
52,820,0,0
84,340,4,0
93,746,5,1
33,459,4,0
89,698,2,0
11,310,2,0
42,856,1,0
14,881,0,0
9,579,1,0
19,973,3,0
54,454,3,0
81,437,0,0
100,903,4,1
11,165,3,0
71,102,4,0
87,350,5,1
90,403,2,0
41,472,2,0
72,759,5,1
12,612,2,0
21,104,5,1
42,766,5,1
44,909,4,0
62,595,5,1
53,327,3,0
63,948,0,0
7,683,2,0
9,338,4,0
26,426,4,0
69,977,3,0
8,303,5,1
84,860,0,0
45,287,0,0
18,857,2,0
40,820,4,0
37,558,5,1
91,794,0,0
99,529,3,0
83,251,0,0
16,315,5,1
12,152,3,0
67,372,4,0
55,375,0,0
61,969,0,0
50,254,0,0
76,484,3,0
87,755,3,0
53,774,5,1
47,912,1,0
67,320,0,0
23,723,5,1
87,755,2,0
77,851,0,0
50,152,4,0
40,806,3,0
27,749,3,0
57,214,1,0
36,337,1,0
87,223,3,0
99,185,3,0
18,362,1,0
25,791,2,0
16,206,0,0
65,156,2,0
11,997,1,0
66,628,2,0
77,980,4,0
36,380,3,0
45,495,2,0
7,628,3,0
7,272,0,0
44,236,4,0
17,894,1,0
79,345,1,0
98,161,2,0
54,611,3,0
12,448,1,0
30,769,1,0
82,519,4,0
39,437,4,0
74,607,0,0
73,888,5,1
65,333,5,1
95,713,1,0
32,883,5,1
38,348,2,0
95,420,4,0
36,349,3,0
99,545,3,0
69,570,3,0
12,203,4,0
68,860,1,0
60,815,2,0
53,801,0,0
85,454,5,1
65,394,4,0
27,741,1,0
24,987,5,1
5,541,3,0
37,922,1,0
79,420,0,0
22,135,4,0
81,521,0,0
9,997,2,0
90,885,4,0
88,767,1,0
78,987,4,0
79,101,4,0
44,222,1,0
30,599,1,0
36,523,0,0
53,894,4,0
19,581,5,1
78,390,1,0
37,180,3,0
76,220,0,0
78,573,5,1
92,180,5,1
53,499,4,0
57,499,4,0
57,711,0,0
83,564,1,0
87,663,3,0
65,600,1,0
62,487,4,0
75,130,1,0
67,609,1,0
48,725,4,0
78,474,3,0
52,705,0,0
23,614,3,0
97,775,1,0
60,652,5,1
42,169,0,0
36,684,5,1
71,781,3,0
77,300,4,0
51,897,0,0
36,724,0,0
71,314,4,0
40,380,4,0
69,885,3,0
32,436,2,0
36,813,4,0
17,323,2,0
35,666,3,0
28,728,3,0
97,404,5,1
16,968,0,0
31,335,0,0
53,426,2,0
63,826,5,1
41,246,1,0
88,704,2,0
100,733,3,0
73,574,1,0
18,240,4,0
88,109,2,0
23,217,1,0
21,801,1,0
68,133,5,1
40,455,1,0
45,946,3,0
84,953,0,0
6,655,5,1
85,511,3,0
51,948,1,0
62,469,5,1
5,579,1,0
27,508,2,0
69,408,1,0
87,118,0,0
88,176,0,0
54,424,0,0
56,889,3,0
88,463,1,0
25,357,5,1
99,142,5,1
29,585,3,0
91,135,5,1
15,572,3,0
34,652,4,0
30,560,2,0
57,471,0,0
25,473,1,0
28,507,3,0
40,262,3,0
22,458,2,0
25,607,1,0
52,861,0,0
56,447,1,0
90,583,3,0
40,965,0,0
28,530,4,0
5,689,5,1
51,861,0,0
38,817,5,1
5,101,4,0
27,521,1,0
52,542,2,0
37,678,1,0
62,412,3,0
82,658,0,0
93,567,2,0
92,613,0,0
20,926,1,0
63,233,4,0
49,871,4,0
31,741,1,0
99,176,4,0
89,903,5,1
95,534,0,0
75,182,0,0
33,379,3,0
16,506,1,0
79,646,2,0
23,861,3,0
29,894,3,0
46,963,3,0
52,674,2,0
25,745,1,0
59,363,4,0
95,976,2,1
99,489,1,0
27,748,2,0
11,464,0,0
91,149,4,0
61,263,3,0
39,367,5,1
9,891,1,0
14,602,1,0
60,247,5,1
94,463,3,0
39,133,3,0
93,680,4,0
67,540,3,0
96,124,1,0
91,368,1,0
69,339,0,0
62,762,1,0
48,213,1,0
8,264,0,0
74,705,1,0
17,234,1,0
56,299,5,1
28,880,2,0
99,526,3,0
9,793,5,1
11,730,5,1
19,518,0,0
26,654,3,0
12,439,1,0
42,749,1,0
20,696,5,1
25,486,1,0
87,362,1,0
64,633,4,0
43,995,4,0
41,355,1,0
43,732,2,0
65,266,5,1
32,152,1,0
38,598,1,0
91,361,3,0
24,368,5,1
62,900,2,0
37,982,3,0
82,601,5,1
52,233,0,0
62,978,5,1
62,771,2,0
44,956,1,0
67,765,2,0
67,302,4,0
73,182,2,0
74,931,1,0
88,181,3,0
89,599,5,1
6,140,4,0
28,511,1,0
78,547,5,1
21,173,0,0
94,569,0,0
44,474,0,0
20,879,1,0
61,432,4,0
19,380,5,1
22,435,2,0
97,511,4,0
44,279,5,1
76,610,2,0
24,542,5,1
93,832,5,1
42,814,5,1
73,993,5,1
33,266,0,0
58,177,3,0
91,763,3,0
5,778,0,0
25,541,1,0
73,148,0,0
26,497,1,0
39,789,2,0
54,272,0,0
53,911,1,0
25,268,4,0
17,606,3,0
92,524,5,1
25,185,1,0
77,801,0,0
69,131,2,0
6,716,2,0
55,706,3,0
72,375,3,0
59,385,3,0
59,665,2,0
63,159,1,0
87,830,4,0
60,381,0,0
33,292,1,0
16,857,4,0
75,175,0,0
21,178,0,0
6,265,4,0
94,862,4,1
39,113,1,0
47,389,1,0
65,210,1,0
17,830,3,0
64,568,5,1
69,107,3,0
82,706,3,0
77,524,5,1
72,358,3,0
9,714,4,0
71,109,4,0
13,960,0,0
92,976,4,1
7,404,2,0
17,321,5,1
72,708,1,0
94,336,3,0
29,522,2,0
68,760,3,0
95,197,3,0
40,852,0,0
61,186,3,0
42,456,3,0
64,200,5,1
61,484,5,1
89,998,4,0
70,553,2,0
68,134,5,1
28,119,2,0
98,845,3,1
65,508,0,0
86,625,1,0
58,831,3,0
56,749,4,0
48,961,1,0
61,361,0,0
20,631,4,0
85,976,1,0
17,682,3,0
33,622,3,0
57,442,2,0
87,310,1,0
63,993,2,0
17,881,3,0
89,758,4,0
64,977,5,1
60,851,4,0
76,261,3,0
94,514,0,0
85,318,0,0
80,282,1,0
66,833,1,0
74,290,0,0
21,111,1,0
16,156,2,0
5,656,0,0
67,519,4,0
21,253,2,0
33,449,3,0
66,493,2,0
15,972,2,0
51,942,1,0
17,501,5,1
31,733,0,0
82,881,4,0
30,580,4,0
98,644,1,0
59,976,0,0
6,593,1,0
75,686,1,0
27,671,3,0
48,564,5,1
58,711,5,1
22,812,4,0
59,160,5,1
44,546,4,0
19,193,5,1
40,136,2,0
7,935,5,1
90,693,1,0
10,195,5,1
55,533,3,0
72,436,4,0
94,110,0,0
42,359,3,0
11,978,5,1
36,794,1,0
97,278,2,0
64,679,3,0
89,818,0,0
54,615,2,0
93,444,3,0
23,996,2,0
62,784,2,0
61,455,2,0
91,218,5,1
48,870,2,0
58,548,4,0
47,555,5,1
11,960,2,0
59,885,0,0
52,224,1,0
26,361,0,0
56,630,5,1
53,934,4,0
33,272,3,0
48,641,1,0
54,446,0,0
67,109,1,0
79,921,2,0
30,800,1,0
17,702,3,0
81,105,5,1
67,870,4,0
87,434,0,0
40,337,5,1
91,363,4,0
60,363,1,0
58,617,4,0
49,114,3,0
8,193,2,0
80,828,2,0
85,905,5,1
67,901,1,0
72,959,1,0
9,327,3,0
83,783,5,1
21,936,1,0
22,110,3,0
35,308,4,0
45,700,0,0
29,620,1,0
13,883,4,0
35,600,0,0
61,845,5,1
76,705,3,0
84,724,5,1
84,714,2,0
63,474,5,1
50,747,2,0
37,170,1,0
77,124,5,1
43,928,1,0
20,965,1,0
14,853,1,0
75,508,1,0
45,497,2,0
25,692,3,0
35,450,0,0
17,929,1,0
41,175,1,0
64,136,1,0
77,930,3,0
90,766,4,0
8,328,5,1
76,826,5,1
62,965,3,0
89,825,1,0
68,181,3,0
38,246,0,0
42,828,1,0
21,384,4,0
32,696,4,0
9,484,3,0
26,662,2,0
21,793,0,0
74,564,2,0
21,539,2,0
61,210,4,0
79,429,3,0
99,534,0,0
30,768,0,0
23,372,5,1
64,580,5,1
5,503,3,0
27,863,5,1
22,484,4,0
31,665,5,1
22,148,2,0
24,624,4,0
63,107,0,0
21,925,4,0
52,759,0,0
86,290,0,0
72,878,1,0
44,579,0,0
75,893,1,0
55,173,1,0
84,590,2,0
53,836,4,0
7,936,3,0
38,616,2,0
19,354,1,0
35,828,2,0
45,198,2,0
36,540,2,0
22,281,4,0
16,857,3,0
100,170,2,0
76,231,4,0
47,341,1,0
20,163,0,0
71,471,3,0
74,498,3,0
22,152,0,0
92,279,0,0
97,311,4,0
39,825,1,0
11,637,3,0
22,841,4,0
45,492,4,0
51,353,3,0
10,892,3,0
29,998,5,1
43,363,3,0
72,518,2,0
27,479,1,0
11,958,4,0
83,789,5,1
51,809,2,0
30,712,2,0
77,649,4,0
89,954,1,0
69,737,2,0
24,680,4,0
19,921,0,0
46,855,5,1
95,353,2,0
10,596,1,0
69,889,3,0
45,250,3,0
70,832,5,1
47,904,3,0
6,104,4,0
75,237,4,0
59,281,0,0
63,409,0,0
62,248,2,0
5,776,3,0
10,919,0,0
21,953,3,0
81,183,4,0
97,661,3,0
92,200,4,0
24,112,3,0
94,646,0,0
32,847,3,0
76,859,3,0
44,316,0,0
54,306,3,0
72,612,3,0
44,205,1,0
24,307,2,0
51,369,4,0
85,125,5,1
38,622,2,0
43,864,3,0
42,851,4,0
36,756,4,0
39,876,5,1
34,513,3,0
54,817,5,1
53,711,3,0
14,204,1,0
38,293,1,0
14,156,5,1
61,600,2,0
81,821,2,0
57,773,3,0
50,563,3,0
76,843,5,1
50,959,0,0
100,180,3,0
6,311,1,0
50,924,0,0
31,868,4,0
95,595,5,1
18,775,5,1
74,182,0,0
76,735,5,1
99,524,0,0
35,315,1,0
59,277,0,0
96,228,0,0
16,372,0,0
50,606,2,0
91,861,5,1
80,232,5,1
53,824,2,0
28,107,2,0
73,719,2,0
49,495,0,0
38,473,5,1
87,221,0,0
24,908,1,0
93,960,0,1
89,271,4,0
66,890,0,0
90,950,5,1
21,570,1,0
78,787,5,1
34,909,4,0
78,653,0,0
53,205,0,0
55,326,5,1
69,224,4,0
64,441,0,0
48,516,1,0
57,272,4,0
90,106,4,0
10,706,0,0
32,339,0,0
32,682,2,0
46,670,3,0
61,288,1,0
6,887,2,0
19,860,4,0
43,103,5,1
60,311,3,0
53,981,1,0
78,461,0,0
58,416,1,0
94,343,3,0
26,101,3,0
52,750,1,0
58,640,5,1
14,421,1,0
77,171,1,0
60,637,3,0
78,614,5,1
43,245,4,0
27,387,3,0
30,682,5,1
46,866,1,0
51,370,4,0
71,642,0,0
8,319,0,0
10,294,2,0
96,784,5,1
38,596,2,0
6,390,5,1
41,460,5,1
35,516,1,0
46,561,5,1
41,251,2,0
10,817,3,0
39,253,0,0
58,922,0,0
72,499,1,0
33,220,1,0
69,410,4,0
90,139,2,0
16,288,4,0
42,188,4,0
75,802,4,0
82,955,5,1
86,379,1,0
12,502,5,1
11,631,4,0
34,342,3,0
18,351,2,0
51,439,0,0
67,771,3,0
38,541,2,0
16,178,1,0
82,907,4,0
35,240,0,0
37,786,5,1
94,171,5,1
84,844,2,0
6,683,0,0
32,382,2,0
32,704,2,0
30,220,1,0
71,714,4,0
26,378,1,0
56,467,3,0
12,495,2,0
89,231,1,0
42,874,1,0
70,571,5,1
12,360,2,0
67,808,3,0
93,380,2,0
20,143,2,0
84,209,5,1
87,620,0,0
80,943,3,0
27,948,0,0
51,482,0,0
83,820,5,1
35,985,1,0
49,479,1,0
54,426,4,0
31,901,0,0
22,795,2,0
67,464,1,0
23,270,1,0
31,285,5,1
44,658,1,0
35,778,4,0
97,647,0,0
80,273,0,0
12,721,1,0
16,484,2,0
33,427,3,0
61,706,0,0
18,573,3,0
54,508,3,0
98,855,2,1
6,915,5,1
62,331,5,1
79,503,5,1
96,784,1,0
72,622,4,0
87,227,5,1
100,193,3,0
77,996,0,0
54,375,4,0
41,528,3,0
82,145,2,0
81,596,0,0
64,534,4,0
96,685,4,0
11,305,2,0
38,717,5,1
81,945,1,0
33,647,4,0
12,134,3,0
36,576,1,0
28,419,5,1
50,762,3,0
90,988,3,0
44,554,4,0
57,964,4,0
33,172,5,1
95,537,4,0
59,439,0,0
12,113,0,0
73,899,2,0
15,403,1,0
59,896,5,1
71,928,1,0
25,384,4,0
55,513,4,0
5,328,2,0
42,911,3,0
74,598,3,0
22,306,1,0
31,895,4,0
34,350,2,0
55,872,5,1
59,731,1,0
82,836,2,0
85,729,0,0
38,259,5,1
31,786,1,0
8,196,4,0
66,911,1,0
5,150,5,1
46,316,5,1
97,174,3,0
74,988,0,0
90,469,0,0
6,828,3,0
99,115,2,0
10,228,2,0
70,353,4,0
32,342,4,0
69,445,5,1
58,515,2,0
15,908,4,0
96,434,0,0
33,788,2,0
54,174,5,1
34,940,2,0
65,199,3,0
10,902,5,1
94,831,4,1
60,954,5,1
21,771,5,1
9,229,0,0
81,970,3,0
94,975,3,1
31,890,5,1
37,336,3,0
8,683,1,0
54,155,3,0
75,738,2,0
50,391,1,0
18,107,0,0
18,764,4,0
89,844,0,0
23,756,3,0
6,189,3,0
46,941,1,0
79,999,0,0
16,780,0,0
43,309,4,0
19,125,1,0
78,162,0,0
70,758,2,0
51,933,1,0
17,385,4,0
96,894,5,1
14,225,0,0
71,332,0,0
49,533,3,0
36,731,5,1
98,315,4,0
87,209,5,1
5,350,0,0
30,495,5,1
81,956,5,1
33,934,3,0
99,283,3,0
36,269,1,0
45,455,4,0
83,920,1,0
42,101,5,1
27,584,1,0
9,755,3,0
83,422,3,0
61,775,2,0
87,128,5,1
55,841,4,0
99,346,4,0
57,204,2,0
25,799,2,0
66,198,4,0
31,486,0,0
33,884,3,0
32,847,3,0
94,221,0,0
97,980,5,1
55,234,5,1
81,391,5,1
68,804,3,0
65,369,4,0
27,992,4,0
67,840,1,0
58,807,4,0
52,652,2,0
11,373,4,0
86,469,1,0
69,798,3,0
12,748,1,0
28,547,1,0
10,373,4,0
16,698,5,1
54,953,1,0
35,597,0,0
29,122,4,0
14,692,0,0
25,456,4,0
80,558,4,0
11,538,4,0
65,140,3,0
20,650,1,0
71,848,3,0
20,815,3,0
100,958,2,1
29,426,5,1
83,954,4,0
70,249,2,0
18,731,5,1
29,492,0,0
68,253,1,0
66,863,1,0
27,761,5,1
52,690,4,0
39,865,0,0
11,704,0,0
5,518,4,0
75,450,1,0
78,259,0,0
88,671,5,1
10,845,5,1
76,480,3,0
9,203,5,1
66,651,2,0
70,847,1,0
52,479,4,0
63,778,1,0
85,949,0,0
75,997,5,1
80,844,4,0
39,183,5,1
98,941,5,1
97,751,1,0
86,142,3,0
89,817,5,1
29,265,2,0
78,967,2,0
24,201,5,1
97,622,4,0
51,691,1,0
77,841,0,0
44,342,0,0
33,553,3,0
6,420,2,0
60,965,4,0
46,148,2,0
90,227,0,0
38,513,1,0
86,173,5,1
31,118,2,0
35,446,1,0
100,889,1,1
52,903,5,1
79,829,3,0
15,280,2,0
98,150,0,0
21,148,5,1
71,856,5,1
84,246,4,0
8,798,5,1
10,351,1,0
69,793,5,1
31,503,3,0
40,108,1,0
51,346,2,0
91,114,2,0
50,719,2,0
54,696,2,0
98,376,5,1
96,898,0,1
51,681,1,0
48,163,3,0
44,109,1,0
57,453,4,0
51,980,0,0
36,298,2,0
28,965,1,0
36,221,2,0
31,800,2,0
95,997,2,1
29,430,0,0
88,638,1,0
41,531,4,0
95,373,0,0
50,739,0,0
66,974,4,0
77,740,3,0
89,449,5,1
34,838,4,0
38,900,1,0
92,781,2,0
81,543,5,1
9,218,2,0
77,265,1,0
93,811,4,1
90,529,2,0
61,266,2,0
32,701,4,0
48,534,5,1
37,940,0,0
91,836,5,1
73,601,3,0
55,813,1,0
67,633,0,0
53,888,3,0
57,107,0,0
17,202,5,1
40,925,0,0
41,677,1,0
31,741,2,0
20,183,1,0
52,930,4,0
61,710,0,0
38,999,4,0
80,762,0,0
54,778,5,1
64,793,1,0
43,686,4,0
23,216,3,0
42,397,2,0
49,886,0,0
48,545,3,0
11,907,4,0
49,765,4,0
43,258,0,0
67,992,3,0
78,201,1,0
58,764,3,0
15,973,0,0
38,685,2,0
79,847,0,0
19,621,5,1
7,857,2,0
77,685,0,0
86,414,5,1
63,241,0,0
37,187,2,0
48,170,2,0
33,519,0,0
18,627,3,0
65,169,0,0
77,974,3,0
50,811,0,0
67,751,1,0
22,202,1,0
68,798,3,0
78,914,3,0
9,438,3,0
34,507,2,0
37,194,1,0
7,541,2,0
70,998,2,0
22,303,0,0
38,530,3,0
80,978,0,0
67,224,3,0
73,612,5,1
15,815,0,0
68,402,1,0
85,601,1,0
92,808,1,1
93,446,0,0
24,962,4,0
18,764,2,0
93,972,2,1
56,344,0,0
25,810,3,0
6,992,4,0
43,156,0,0
90,110,3,0
91,277,5,1
26,198,0,0
17,473,2,0
62,470,3,0
87,579,1,0
17,233,0,0
62,311,0,0
14,967,0,0
8,261,1,0
7,251,1,0
66,320,4,0
13,775,1,0
63,842,2,0
54,193,5,1
76,698,5,1
18,157,5,1
42,395,0,0
46,453,2,0
97,590,1,0
36,458,2,0
61,331,2,0
78,217,0,0
46,418,2,0
94,796,0,0
60,125,2,0
48,926,4,0
44,388,0,0
59,942,4,0
52,306,5,1
38,328,5,1
81,834,3,0
79,376,2,0
51,579,0,0
65,962,1,0
72,810,4,0
90,908,3,0
53,762,3,0
48,652,0,0
38,673,2,0
80,895,0,0
74,521,0,0
89,937,2,0
66,232,1,0
87,200,5,1
46,604,1,0
90,440,4,0
67,760,4,0
39,258,2,0
54,691,3,0
52,314,5,1
79,839,2,0
91,606,5,1
57,754,3,0
86,699,2,0
71,492,4,0
55,178,1,0
61,281,0,0
48,285,5,1
90,547,0,0
10,342,4,0
12,801,0,0
87,190,5,1
30,187,0,0
51,317,2,0
53,802,5,1
74,911,2,0
19,969,4,0
49,457,1,0
88,931,4,0
67,561,4,0
33,420,5,1
25,647,4,0
8,501,2,0
27,295,1,0
41,538,4,0
94,250,1,0
80,725,4,0
83,986,4,0
54,353,5,1
56,736,3,0
48,941,1,0
6,156,3,0
79,504,5,1
60,242,2,0
23,629,0,0
32,362,1,0
23,848,3,0
49,305,5,1
73,658,2,0
77,890,5,1
63,328,2,0
83,619,0,0
47,684,5,1
96,155,2,0
98,361,5,1
9,580,4,0
13,869,2,0
25,928,4,0
17,560,1,0
65,703,4,0
19,116,0,0
16,808,0,0
30,301,1,0
51,720,1,0
50,359,0,0
36,313,0,0
83,411,3,0
72,397,4,0
46,874,0,0
36,724,3,0
13,243,2,0
74,200,4,0
71,609,5,1
36,230,4,0
35,119,4,0
61,383,0,0
26,613,5,1
17,189,4,0
18,142,4,0
89,772,1,0
25,370,4,0
97,237,5,1
24,222,3,0
10,429,4,0
25,777,3,0
5,385,5,1
50,245,1,0
75,730,4,0
68,928,1,0
95,759,4,0
70,461,0,0
56,107,5,1
33,793,1,0
96,422,1,0
53,126,1,0
92,441,1,0
39,275,0,0
29,328,4,0
47,436,5,1
78,319,4,0
35,761,5,1
33,871,2,0
46,536,3,0
82,355,0,0
25,735,0,0
42,682,3,0
86,403,3,0
90,864,3,0
26,971,0,0
47,869,0,0
76,666,1,0
56,268,0,0
48,265,5,1
84,899,0,0
30,195,0,0
50,232,2,0
7,585,3,0
51,111,3,0
69,671,5,1
34,868,1,0
19,985,2,0
69,853,3,0
86,728,5,1
40,802,5,1
42,323,5,1
98,759,0,0
80,366,0,0
19,827,4,0
38,641,1,0
62,675,0,0
58,498,3,0
65,674,5,1
63,685,4,0
78,380,4,0
16,932,0,0
45,689,1,0
32,100,4,0
82,530,3,0
10,417,1,0
57,769,4,0
19,811,1,0
64,661,0,0
22,927,3,0
73,510,1,0
80,549,0,0
27,501,1,0
17,225,1,0
50,432,2,0
69,736,1,0
50,330,1,0
81,186,0,0
17,822,2,0
27,814,1,0
12,564,2,0
16,363,0,0
54,364,0,0
73,872,4,0
17,339,2,0
75,822,2,0
9,584,3,0
60,598,3,0
65,710,2,0
19,559,4,0
29,135,5,1
81,641,4,0
44,841,2,0
55,126,2,0
12,819,5,1
60,200,3,0
63,900,5,1
96,494,4,0
38,215,1,0
88,715,3,0
15,244,4,0
43,109,2,0
78,755,0,0
99,701,1,0
100,559,4,0
87,628,1,0
76,240,0,0
94,590,1,0
34,930,1,0
46,970,2,0
34,941,4,0
13,492,4,0
34,890,3,0
52,717,5,1
77,251,0,0
52,638,3,0
18,883,1,0
66,133,4,0
61,455,0,0
78,926,5,1
89,652,1,0
64,230,5,1
19,952,0,0
72,686,1,0
56,368,2,0
19,636,0,0
15,408,0,0
62,191,2,0
85,422,4,0
72,547,2,0
15,550,1,0
84,664,3,0
51,567,5,1
88,494,2,0
80,284,1,0
13,650,3,0
61,690,2,0
23,332,2,0
87,558,3,0
28,285,3,0
48,659,3,0
49,576,3,0
87,571,0,0
99,746,0,0
96,873,2,1
53,719,1,0
76,717,2,0
24,954,1,0
70,883,4,0
9,780,2,0
33,814,2,0
14,265,2,0
30,530,3,0
22,582,4,0
39,343,4,0
45,527,3,0
20,516,3,0
41,856,0,0
19,217,4,0
39,377,0,0
8,936,1,0
96,863,4,1
34,283,1,0
21,459,3,0
14,753,4,0
84,802,2,0
55,884,1,0
47,522,0,0
54,581,0,0
67,723,2,0
34,179,0,0
51,442,5,1
56,420,3,0
83,882,3,0
54,553,5,1
43,569,3,0
65,290,2,0
99,231,4,0
21,939,3,0
65,919,3,0
29,725,4,0
79,817,3,0
56,715,3,0
67,809,4,0
95,621,4,0
25,879,5,1
32,239,4,0
96,583,4,0
56,890,1,0
38,961,4,0
70,112,3,0
77,394,5,1
67,266,1,0
71,587,5,1
79,226,0,0
10,327,2,0
21,664,0,0
92,579,5,1
94,399,0,0
78,185,2,0
63,503,5,1
82,558,5,1
19,360,1,0
45,954,5,1
82,710,3,0
37,682,1,0
9,611,3,0
83,877,3,0
9,332,2,0
69,376,3,0
80,935,5,1
7,512,3,0
23,774,4,0
79,420,2,0
51,634,4,0
79,124,0,0
46,145,1,0
99,640,2,0
85,337,4,0
91,745,1,0
33,469,5,1
58,915,4,0
92,391,2,0
63,615,3,0
34,966,3,0
71,308,1,0
32,294,4,0
64,396,1,0
31,460,5,1
100,271,5,1
44,127,3,0
25,326,0,0
11,845,4,0
58,290,1,0
63,898,1,0
77,439,1,0
93,519,2,0
41,801,2,0
73,713,5,1
76,514,4,0
43,166,0,0
6,846,4,0
15,913,0,0
33,463,1,0
82,961,3,0
31,299,0,0
8,236,1,0
15,828,0,0
31,911,4,0
53,242,3,0
94,682,1,0
25,921,0,0
54,383,1,0
69,510,5,1
78,106,3,0
73,350,0,0
23,456,1,0
7,325,5,1
41,209,3,0
48,210,2,0
61,635,4,0
64,899,0,0
47,383,1,0
29,804,0,0
12,428,1,0
28,749,1,0
9,733,2,0
26,425,4,0
92,413,4,0
84,771,1,0
88,222,0,0
66,964,2,0
100,948,1,1
30,530,4,0
100,703,3,0
77,841,4,0
70,768,2,0
7,795,2,0
61,660,3,0
92,919,4,1
63,464,2,0
40,237,2,0
7,803,4,0
64,118,1,0
5,730,5,1
9,492,4,0
22,605,0,0
10,702,5,1
15,381,0,0
26,266,4,0
